{
    "25160": {
        "start_str": "04:39",
        "end_str": "12:32",
        "duration": 7.88,
        "is_next_day": false,
        "shift_code": 1
    },
    "25181": {
        "start_str": "04:43",
        "end_str": "13:28",
        "duration": 8.75,
        "is_next_day": false,
        "shift_code": 1
    },
    "25186": {
        "start_str": "04:46",
        "end_str": "12:39",
        "duration": 7.88,
        "is_next_day": false,
        "shift_code": 1
    },
    "25215": {
        "start_str": "04:49",
        "end_str": "13:37",
        "duration": 8.8,
        "is_next_day": false,
        "shift_code": 1
    },
    "26564": {
        "start_str": "04:53",
        "end_str": "13:51",
        "duration": 8.97,
        "is_next_day": false,
        "shift_code": 1
    },
    "26569": {
        "start_str": "04:54",
        "end_str": "14:25",
        "duration": 9.52,
        "is_next_day": false,
        "shift_code": 1
    },
    "25158": {
        "start_str": "05:00",
        "end_str": "12:47",
        "duration": 7.78,
        "is_next_day": false,
        "shift_code": 1
    },
    "25165": {
        "start_str": "05:01",
        "end_str": "14:34",
        "duration": 9.55,
        "is_next_day": false,
        "shift_code": 1
    },
    "26607": {
        "start_str": "05:07",
        "end_str": "12:55",
        "duration": 7.8,
        "is_next_day": false,
        "shift_code": 1
    },
    "27470": {
        "start_str": "05:13",
        "end_str": "14:06",
        "duration": 8.88,
        "is_next_day": false,
        "shift_code": 1
    },
    "27833": {
        "start_str": "05:19",
        "end_str": "13:04",
        "duration": 7.75,
        "is_next_day": false,
        "shift_code": 1
    },
    "30059": {
        "start_str": "05:25",
        "end_str": "13:13",
        "duration": 7.8,
        "is_next_day": false,
        "shift_code": 1
    },
    "30527": {
        "start_str": "05:31",
        "end_str": "13:22",
        "duration": 7.85,
        "is_next_day": false,
        "shift_code": 1
    },
    "60053": {
        "start_str": "05:37",
        "end_str": "14:33",
        "duration": 8.93,
        "is_next_day": false,
        "shift_code": 1
    },
    "60281": {
        "start_str": "05:43",
        "end_str": "13:31",
        "duration": 7.8,
        "is_next_day": false,
        "shift_code": 1
    },
    "60282": {
        "start_str": "05:55",
        "end_str": "13:49",
        "duration": 7.9,
        "is_next_day": false,
        "shift_code": 1
    },
    "60311": {
        "start_str": "06:01",
        "end_str": "13:10",
        "duration": 7.15,
        "is_next_day": false,
        "shift_code": 1
    },
    "60365": {
        "start_str": "06:43",
        "end_str": "14:16",
        "duration": 7.55,
        "is_next_day": false,
        "shift_code": 1
    },
    "60379": {
        "start_str": "08:05",
        "end_str": "16:10",
        "duration": 8.08,
        "is_next_day": false,
        "shift_code": 1
    },
    "25166": {
        "start_str": "05:00",
        "end_str": "17:00",
        "duration": 12.0,
        "is_next_day": false,
        "shift_code": 1,
        "note": "РЕЗЕРВ"
    },
    "25184": {
        "start_str": "05:00",
        "end_str": "17:00",
        "duration": 12.0,
        "is_next_day": false,
        "shift_code": 1,
        "note": "РЕЗЕРВ"
    },
    "25201": {
        "start_str": "05:00",
        "end_str": "17:00",
        "duration": 12.0,
        "is_next_day": false,
        "shift_code": 1,
        "note": "РЕЗЕРВ"
    },
    "25232": {
        "start_str": "05:00",
        "end_str": "17:00",
        "duration": 12.0,
        "is_next_day": false,
        "shift_code": 1,
        "note": "РЕЗЕРВ"
    },
    "25244": {
        "start_str": "05:00",
        "end_str": "17:00",
        "duration": 12.0,
        "is_next_day": false,
        "shift_code": 1,
        "note": "РЕЗЕРВ"
    },
    "26105": {
        "start_str": "05:00",
        "end_str": "17:00",
        "duration": 12.0,
        "is_next_day": false,
        "shift_code": 1,
        "note": "РЕЗЕРВ"
    },
    "26116": {
        "start_str": "05:00",
        "end_str": "17:00",
        "duration": 12.0,
        "is_next_day": false,
        "shift_code": 1,
        "note": "РЕЗЕРВ"
    },
    "26221": {
        "start_str": "05:00",
        "end_str": "17:00",
        "duration": 12.0,
        "is_next_day": false,
        "shift_code": 1,
        "note": "РЕЗЕРВ"
    },
    "26554": {
        "start_str": "05:00",
        "end_str": "17:00",
        "duration": 12.0,
        "is_next_day": false,
        "shift_code": 1,
        "note": "РЕЗЕРВ"
    },
    "26960": {
        "start_str": "05:00",
        "end_str": "17:00",
        "duration": 12.0,
        "is_next_day": false,
        "shift_code": 1,
        "note": "РЕЗЕРВ"
    },
    "26980": {
        "start_str": "05:00",
        "end_str": "17:00",
        "duration": 12.0,
        "is_next_day": false,
        "shift_code": 1,
        "note": "РЕЗЕРВ"
    },
    "27055": {
        "start_str": "05:00",
        "end_str": "17:00",
        "duration": 12.0,
        "is_next_day": false,
        "shift_code": 1,
        "note": "РЕЗЕРВ"
    },
    "27106": {
        "start_str": "05:00",
        "end_str": "17:00",
        "duration": 12.0,
        "is_next_day": false,
        "shift_code": 1,
        "note": "РЕЗЕРВ"
    },
    "27426": {
        "start_str": "05:00",
        "end_str": "17:00",
        "duration": 12.0,
        "is_next_day": false,
        "shift_code": 1,
        "note": "РЕЗЕРВ"
    },
    "27736": {
        "start_str": "05:00",
        "end_str": "17:00",
        "duration": 12.0,
        "is_next_day": false,
        "shift_code": 1,
        "note": "РЕЗЕРВ"
    },
    "27760": {
        "start_str": "05:00",
        "end_str": "17:00",
        "duration": 12.0,
        "is_next_day": false,
        "shift_code": 1,
        "note": "РЕЗЕРВ"
    },
    "27852": {
        "start_str": "05:00",
        "end_str": "17:00",
        "duration": 12.0,
        "is_next_day": false,
        "shift_code": 1,
        "note": "РЕЗЕРВ"
    },
    "27985": {
        "start_str": "05:00",
        "end_str": "17:00",
        "duration": 12.0,
        "is_next_day": false,
        "shift_code": 1,
        "note": "РЕЗЕРВ"
    },
    "27990": {
        "start_str": "05:00",
        "end_str": "17:00",
        "duration": 12.0,
        "is_next_day": false,
        "shift_code": 1,
        "note": "РЕЗЕРВ"
    },
    "29721": {
        "start_str": "05:00",
        "end_str": "17:00",
        "duration": 12.0,
        "is_next_day": false,
        "shift_code": 1,
        "note": "РЕЗЕРВ"
    },
    "30312": {
        "start_str": "05:00",
        "end_str": "17:00",
        "duration": 12.0,
        "is_next_day": false,
        "shift_code": 1,
        "note": "РЕЗЕРВ"
    },
    "30381": {
        "start_str": "05:00",
        "end_str": "17:00",
        "duration": 12.0,
        "is_next_day": false,
        "shift_code": 1,
        "note": "РЕЗЕРВ"
    },
    "30425": {
        "start_str": "05:00",
        "end_str": "17:00",
        "duration": 12.0,
        "is_next_day": false,
        "shift_code": 1,
        "note": "РЕЗЕРВ"
    },
    "30592": {
        "start_str": "05:00",
        "end_str": "17:00",
        "duration": 12.0,
        "is_next_day": false,
        "shift_code": 1,
        "note": "РЕЗЕРВ"
    },
    "30660": {
        "start_str": "05:00",
        "end_str": "17:00",
        "duration": 12.0,
        "is_next_day": false,
        "shift_code": 1,
        "note": "РЕЗЕРВ"
    },
    "37251": {
        "start_str": "05:00",
        "end_str": "17:00",
        "duration": 12.0,
        "is_next_day": false,
        "shift_code": 1,
        "note": "РЕЗЕРВ"
    },
    "37466": {
        "start_str": "05:00",
        "end_str": "17:00",
        "duration": 12.0,
        "is_next_day": false,
        "shift_code": 1,
        "note": "РЕЗЕРВ"
    },
    "60110": {
        "start_str": "05:00",
        "end_str": "17:00",
        "duration": 12.0,
        "is_next_day": false,
        "shift_code": 1,
        "note": "РЕЗЕРВ"
    },
    "60137": {
        "start_str": "05:00",
        "end_str": "17:00",
        "duration": 12.0,
        "is_next_day": false,
        "shift_code": 1,
        "note": "РЕЗЕРВ"
    },
    "60152": {
        "start_str": "05:00",
        "end_str": "17:00",
        "duration": 12.0,
        "is_next_day": false,
        "shift_code": 1,
        "note": "РЕЗЕРВ"
    },
    "60234": {
        "start_str": "05:00",
        "end_str": "17:00",
        "duration": 12.0,
        "is_next_day": false,
        "shift_code": 1,
        "note": "РЕЗЕРВ"
    },
    "60249": {
        "start_str": "05:00",
        "end_str": "17:00",
        "duration": 12.0,
        "is_next_day": false,
        "shift_code": 1,
        "note": "РЕЗЕРВ"
    },
    "60400": {
        "start_str": "05:00",
        "end_str": "17:00",
        "duration": 12.0,
        "is_next_day": false,
        "shift_code": 1,
        "note": "РЕЗЕРВ"
    },
    "60427": {
        "start_str": "05:00",
        "end_str": "17:00",
        "duration": 12.0,
        "is_next_day": false,
        "shift_code": 1,
        "note": "РЕЗЕРВ"
    },
    "60432": {
        "start_str": "05:00",
        "end_str": "17:00",
        "duration": 12.0,
        "is_next_day": false,
        "shift_code": 1,
        "note": "РЕЗЕРВ"
    },
    "60438": {
        "start_str": "05:00",
        "end_str": "17:00",
        "duration": 12.0,
        "is_next_day": false,
        "shift_code": 1,
        "note": "РЕЗЕРВ"
    },
    "60445": {
        "start_str": "05:00",
        "end_str": "17:00",
        "duration": 12.0,
        "is_next_day": false,
        "shift_code": 1,
        "note": "РЕЗЕРВ"
    },
    "60452": {
        "start_str": "05:00",
        "end_str": "17:00",
        "duration": 12.0,
        "is_next_day": false,
        "shift_code": 1,
        "note": "РЕЗЕРВ"
    },
    "60455": {
        "start_str": "05:00",
        "end_str": "17:00",
        "duration": 12.0,
        "is_next_day": false,
        "shift_code": 1,
        "note": "РЕЗЕРВ"
    },
    "60458": {
        "start_str": "05:00",
        "end_str": "17:00",
        "duration": 12.0,
        "is_next_day": false,
        "shift_code": 1,
        "note": "РЕЗЕРВ"
    },
    "60461": {
        "start_str": "05:00",
        "end_str": "17:00",
        "duration": 12.0,
        "is_next_day": false,
        "shift_code": 1,
        "note": "РЕЗЕРВ"
    },
    "60485": {
        "start_str": "05:00",
        "end_str": "17:00",
        "duration": 12.0,
        "is_next_day": false,
        "shift_code": 1,
        "note": "РЕЗЕРВ"
    },
    "60492": {
        "start_str": "05:00",
        "end_str": "17:00",
        "duration": 12.0,
        "is_next_day": false,
        "shift_code": 1,
        "note": "РЕЗЕРВ"
    },
    "60715": {
        "start_str": "05:00",
        "end_str": "17:00",
        "duration": 12.0,
        "is_next_day": false,
        "shift_code": 1,
        "note": "РЕЗЕРВ"
    },
    "60831": {
        "start_str": "05:00",
        "end_str": "17:00",
        "duration": 12.0,
        "is_next_day": false,
        "shift_code": 1,
        "note": "РЕЗЕРВ"
    },
    "60843": {
        "start_str": "05:00",
        "end_str": "17:00",
        "duration": 12.0,
        "is_next_day": false,
        "shift_code": 1,
        "note": "РЕЗЕРВ"
    },
    "60846": {
        "start_str": "05:00",
        "end_str": "17:00",
        "duration": 12.0,
        "is_next_day": false,
        "shift_code": 1,
        "note": "РЕЗЕРВ"
    },
    "60849": {
        "start_str": "05:00",
        "end_str": "17:00",
        "duration": 12.0,
        "is_next_day": false,
        "shift_code": 1,
        "note": "РЕЗЕРВ"
    },
    "60851": {
        "start_str": "05:00",
        "end_str": "17:00",
        "duration": 12.0,
        "is_next_day": false,
        "shift_code": 1,
        "note": "РЕЗЕРВ"
    },
    "60861": {
        "start_str": "05:00",
        "end_str": "17:00",
        "duration": 12.0,
        "is_next_day": false,
        "shift_code": 1,
        "note": "РЕЗЕРВ"
    },
    "73032": {
        "start_str": "05:00",
        "end_str": "17:00",
        "duration": 12.0,
        "is_next_day": false,
        "shift_code": 1,
        "note": "РЕЗЕРВ"
    },
    "25180": {
        "start_str": "12:32",
        "end_str": "20:48",
        "duration": 8.27,
        "is_next_day": false,
        "shift_code": 2
    },
    "25207": {
        "start_str": "15:37",
        "end_str": "00:37",
        "duration": 9.0,
        "is_next_day": true,
        "shift_code": 2
    },
    "27182": {
        "start_str": "12:39",
        "end_str": "20:37",
        "duration": 7.97,
        "is_next_day": false,
        "shift_code": 2
    },
    "25224": {
        "start_str": "16:04",
        "end_str": "00:54",
        "duration": 8.83,
        "is_next_day": true,
        "shift_code": 2
    },
    "25234": {
        "start_str": "16:22",
        "end_str": "01:10",
        "duration": 8.8,
        "is_next_day": true,
        "shift_code": 2
    },
    "26532": {
        "start_str": "14:25",
        "end_str": "22:17",
        "duration": 7.87,
        "is_next_day": false,
        "shift_code": 2
    },
    "26611": {
        "start_str": "12:47",
        "end_str": "21:03",
        "duration": 8.27,
        "is_next_day": false,
        "shift_code": 2
    },
    "26615": {
        "start_str": "14:34",
        "end_str": "22:45",
        "duration": 8.18,
        "is_next_day": false,
        "shift_code": 2
    },
    "27008": {
        "start_str": "12:55",
        "end_str": "20:53",
        "duration": 7.97,
        "is_next_day": false,
        "shift_code": 2
    },
    "27950": {
        "start_str": "16:40",
        "end_str": "01:25",
        "duration": 8.75,
        "is_next_day": true,
        "shift_code": 2
    },
    "29869": {
        "start_str": "13:04",
        "end_str": "21:18",
        "duration": 8.23,
        "is_next_day": false,
        "shift_code": 2
    },
    "30015": {
        "start_str": "13:13",
        "end_str": "21:10",
        "duration": 7.95,
        "is_next_day": false,
        "shift_code": 2
    },
    "60039": {
        "start_str": "13:22",
        "end_str": "21:33",
        "duration": 8.18,
        "is_next_day": false,
        "shift_code": 2
    },
    "60133": {
        "start_str": "16:45",
        "end_str": "01:30",
        "duration": 8.75,
        "is_next_day": true,
        "shift_code": 2
    },
    "60366": {
        "start_str": "13:31",
        "end_str": "21:47",
        "duration": 8.27,
        "is_next_day": false,
        "shift_code": 2
    },
    "60382": {
        "start_str": "13:49",
        "end_str": "22:09",
        "duration": 8.33,
        "is_next_day": false,
        "shift_code": 2
    },
    "60413": {
        "start_str": "16:59",
        "end_str": "01:40",
        "duration": 8.68,
        "is_next_day": true,
        "shift_code": 2
    },
    "60425": {
        "start_str": "14:16",
        "end_str": "22:26",
        "duration": 8.17,
        "is_next_day": false,
        "shift_code": 2
    },
    "60426": {
        "start_str": "16:10",
        "end_str": "00:20",
        "duration": 8.17,
        "is_next_day": true,
        "shift_code": 2
    },
    "20568": {
        "start_str": "15:00",
        "end_str": "23:59",
        "duration": 9.0,
        "is_next_day": false,
        "shift_code": 2,
        "note": "РЕЗЕРВ"
    },
    "23277": {
        "start_str": "15:00",
        "end_str": "23:59",
        "duration": 9.0,
        "is_next_day": false,
        "shift_code": 2,
        "note": "РЕЗЕРВ"
    },
    "25190": {
        "start_str": "15:00",
        "end_str": "23:59",
        "duration": 9.0,
        "is_next_day": false,
        "shift_code": 2,
        "note": "РЕЗЕРВ"
    },
    "25243": {
        "start_str": "15:00",
        "end_str": "23:59",
        "duration": 9.0,
        "is_next_day": false,
        "shift_code": 2,
        "note": "РЕЗЕРВ"
    },
    "25252": {
        "start_str": "15:00",
        "end_str": "23:59",
        "duration": 9.0,
        "is_next_day": false,
        "shift_code": 2,
        "note": "РЕЗЕРВ"
    },
    "25727": {
        "start_str": "15:00",
        "end_str": "23:59",
        "duration": 9.0,
        "is_next_day": false,
        "shift_code": 2,
        "note": "РЕЗЕРВ"
    },
    "26670": {
        "start_str": "15:00",
        "end_str": "23:59",
        "duration": 9.0,
        "is_next_day": false,
        "shift_code": 2,
        "note": "РЕЗЕРВ"
    },
    "27058": {
        "start_str": "15:00",
        "end_str": "23:59",
        "duration": 9.0,
        "is_next_day": false,
        "shift_code": 2,
        "note": "РЕЗЕРВ"
    },
    "27432": {
        "start_str": "15:00",
        "end_str": "23:59",
        "duration": 9.0,
        "is_next_day": false,
        "shift_code": 2,
        "note": "РЕЗЕРВ"
    },
    "27881": {
        "start_str": "15:00",
        "end_str": "23:59",
        "duration": 9.0,
        "is_next_day": false,
        "shift_code": 2,
        "note": "РЕЗЕРВ"
    },
    "27978": {
        "start_str": "15:00",
        "end_str": "23:59",
        "duration": 9.0,
        "is_next_day": false,
        "shift_code": 2,
        "note": "РЕЗЕРВ"
    },
    "27995": {
        "start_str": "15:00",
        "end_str": "23:59",
        "duration": 9.0,
        "is_next_day": false,
        "shift_code": 2,
        "note": "РЕЗЕРВ"
    },
    "29592": {
        "start_str": "15:00",
        "end_str": "23:59",
        "duration": 9.0,
        "is_next_day": false,
        "shift_code": 2,
        "note": "РЕЗЕРВ"
    },
    "29929": {
        "start_str": "15:00",
        "end_str": "23:59",
        "duration": 9.0,
        "is_next_day": false,
        "shift_code": 2,
        "note": "РЕЗЕРВ"
    },
    "30390": {
        "start_str": "15:00",
        "end_str": "23:59",
        "duration": 9.0,
        "is_next_day": false,
        "shift_code": 2,
        "note": "РЕЗЕРВ"
    },
    "30588": {
        "start_str": "15:00",
        "end_str": "23:59",
        "duration": 9.0,
        "is_next_day": false,
        "shift_code": 2,
        "note": "РЕЗЕРВ"
    },
    "32947": {
        "start_str": "15:00",
        "end_str": "23:59",
        "duration": 9.0,
        "is_next_day": false,
        "shift_code": 2,
        "note": "РЕЗЕРВ"
    },
    "57779": {
        "start_str": "15:00",
        "end_str": "23:59",
        "duration": 9.0,
        "is_next_day": false,
        "shift_code": 2,
        "note": "РЕЗЕРВ"
    },
    "60000": {
        "start_str": "15:00",
        "end_str": "23:59",
        "duration": 9.0,
        "is_next_day": false,
        "shift_code": 2,
        "note": "РЕЗЕРВ"
    },
    "60038": {
        "start_str": "15:00",
        "end_str": "23:59",
        "duration": 9.0,
        "is_next_day": false,
        "shift_code": 2,
        "note": "РЕЗЕРВ"
    },
    "60089": {
        "start_str": "15:00",
        "end_str": "23:59",
        "duration": 9.0,
        "is_next_day": false,
        "shift_code": 2,
        "note": "РЕЗЕРВ"
    },
    "60097": {
        "start_str": "15:00",
        "end_str": "23:59",
        "duration": 9.0,
        "is_next_day": false,
        "shift_code": 2,
        "note": "РЕЗЕРВ"
    },
    "60143": {
        "start_str": "15:00",
        "end_str": "23:59",
        "duration": 9.0,
        "is_next_day": false,
        "shift_code": 2,
        "note": "РЕЗЕРВ"
    },
    "60247": {
        "start_str": "15:00",
        "end_str": "23:59",
        "duration": 9.0,
        "is_next_day": false,
        "shift_code": 2,
        "note": "РЕЗЕРВ"
    },
    "60322": {
        "start_str": "15:00",
        "end_str": "23:59",
        "duration": 9.0,
        "is_next_day": false,
        "shift_code": 2,
        "note": "РЕЗЕРВ"
    },
    "60386": {
        "start_str": "15:00",
        "end_str": "23:59",
        "duration": 9.0,
        "is_next_day": false,
        "shift_code": 2,
        "note": "РЕЗЕРВ"
    },
    "60431": {
        "start_str": "15:00",
        "end_str": "23:59",
        "duration": 9.0,
        "is_next_day": false,
        "shift_code": 2,
        "note": "РЕЗЕРВ"
    },
    "60449": {
        "start_str": "15:00",
        "end_str": "23:59",
        "duration": 9.0,
        "is_next_day": false,
        "shift_code": 2,
        "note": "РЕЗЕРВ"
    },
    "60454": {
        "start_str": "15:00",
        "end_str": "23:59",
        "duration": 9.0,
        "is_next_day": false,
        "shift_code": 2,
        "note": "РЕЗЕРВ"
    },
    "60456": {
        "start_str": "15:00",
        "end_str": "23:59",
        "duration": 9.0,
        "is_next_day": false,
        "shift_code": 2,
        "note": "РЕЗЕРВ"
    },
    "60459": {
        "start_str": "15:00",
        "end_str": "23:59",
        "duration": 9.0,
        "is_next_day": false,
        "shift_code": 2,
        "note": "РЕЗЕРВ"
    },
    "60463": {
        "start_str": "15:00",
        "end_str": "23:59",
        "duration": 9.0,
        "is_next_day": false,
        "shift_code": 2,
        "note": "РЕЗЕРВ"
    },
    "60468": {
        "start_str": "15:00",
        "end_str": "23:59",
        "duration": 9.0,
        "is_next_day": false,
        "shift_code": 2,
        "note": "РЕЗЕРВ"
    },
    "60472": {
        "start_str": "15:00",
        "end_str": "23:59",
        "duration": 9.0,
        "is_next_day": false,
        "shift_code": 2,
        "note": "РЕЗЕРВ"
    },
    "60473": {
        "start_str": "15:00",
        "end_str": "23:59",
        "duration": 9.0,
        "is_next_day": false,
        "shift_code": 2,
        "note": "РЕЗЕРВ"
    },
    "60474": {
        "start_str": "15:00",
        "end_str": "23:59",
        "duration": 9.0,
        "is_next_day": false,
        "shift_code": 2,
        "note": "РЕЗЕРВ"
    },
    "60476": {
        "start_str": "15:00",
        "end_str": "23:59",
        "duration": 9.0,
        "is_next_day": false,
        "shift_code": 2,
        "note": "РЕЗЕРВ"
    },
    "60479": {
        "start_str": "15:00",
        "end_str": "23:59",
        "duration": 9.0,
        "is_next_day": false,
        "shift_code": 2,
        "note": "РЕЗЕРВ"
    },
    "60481": {
        "start_str": "15:00",
        "end_str": "23:59",
        "duration": 9.0,
        "is_next_day": false,
        "shift_code": 2,
        "note": "РЕЗЕРВ"
    },
    "60484": {
        "start_str": "15:00",
        "end_str": "23:59",
        "duration": 9.0,
        "is_next_day": false,
        "shift_code": 2,
        "note": "РЕЗЕРВ"
    },
    "60494": {
        "start_str": "15:00",
        "end_str": "23:59",
        "duration": 9.0,
        "is_next_day": false,
        "shift_code": 2,
        "note": "РЕЗЕРВ"
    },
    "60498": {
        "start_str": "15:00",
        "end_str": "23:59",
        "duration": 9.0,
        "is_next_day": false,
        "shift_code": 2,
        "note": "РЕЗЕРВ"
    },
    "60500": {
        "start_str": "15:00",
        "end_str": "23:59",
        "duration": 9.0,
        "is_next_day": false,
        "shift_code": 2,
        "note": "РЕЗЕРВ"
    },
    "60505": {
        "start_str": "15:00",
        "end_str": "23:59",
        "duration": 9.0,
        "is_next_day": false,
        "shift_code": 2,
        "note": "РЕЗЕРВ"
    },
    "60517": {
        "start_str": "15:00",
        "end_str": "23:59",
        "duration": 9.0,
        "is_next_day": false,
        "shift_code": 2,
        "note": "РЕЗЕРВ"
    },
    "60520": {
        "start_str": "15:00",
        "end_str": "23:59",
        "duration": 9.0,
        "is_next_day": false,
        "shift_code": 2,
        "note": "РЕЗЕРВ"
    },
    "60533": {
        "start_str": "15:00",
        "end_str": "23:59",
        "duration": 9.0,
        "is_next_day": false,
        "shift_code": 2,
        "note": "РЕЗЕРВ"
    },
    "60553": {
        "start_str": "15:00",
        "end_str": "23:59",
        "duration": 9.0,
        "is_next_day": false,
        "shift_code": 2,
        "note": "РЕЗЕРВ"
    },
    "60638": {
        "start_str": "15:00",
        "end_str": "23:59",
        "duration": 9.0,
        "is_next_day": false,
        "shift_code": 2,
        "note": "РЕЗЕРВ"
    },
    "60659": {
        "start_str": "15:00",
        "end_str": "23:59",
        "duration": 9.0,
        "is_next_day": false,
        "shift_code": 2,
        "note": "РЕЗЕРВ"
    },
    "60734": {
        "start_str": "15:00",
        "end_str": "23:59",
        "duration": 9.0,
        "is_next_day": false,
        "shift_code": 2,
        "note": "РЕЗЕРВ"
    },
    "60735": {
        "start_str": "15:00",
        "end_str": "23:59",
        "duration": 9.0,
        "is_next_day": false,
        "shift_code": 2,
        "note": "РЕЗЕРВ"
    },
    "60810": {
        "start_str": "15:00",
        "end_str": "23:59",
        "duration": 9.0,
        "is_next_day": false,
        "shift_code": 2,
        "note": "РЕЗЕРВ"
    },
    "60835": {
        "start_str": "15:00",
        "end_str": "23:59",
        "duration": 9.0,
        "is_next_day": false,
        "shift_code": 2,
        "note": "РЕЗЕРВ"
    },
    "60838": {
        "start_str": "15:00",
        "end_str": "23:59",
        "duration": 9.0,
        "is_next_day": false,
        "shift_code": 2,
        "note": "РЕЗЕРВ"
    },
    "60845": {
        "start_str": "15:00",
        "end_str": "23:59",
        "duration": 9.0,
        "is_next_day": false,
        "shift_code": 2,
        "note": "РЕЗЕРВ"
    },
    "60860": {
        "start_str": "15:00",
        "end_str": "23:59",
        "duration": 9.0,
        "is_next_day": false,
        "shift_code": 2,
        "note": "РЕЗЕРВ"
    },
    "73434": {
        "start_str": "15:00",
        "end_str": "23:59",
        "duration": 9.0,
        "is_next_day": false,
        "shift_code": 2,
        "note": "РЕЗЕРВ"
    },
    "73547": {
        "start_str": "15:00",
        "end_str": "23:59",
        "duration": 9.0,
        "is_next_day": false,
        "shift_code": 2,
        "note": "РЕЗЕРВ"
    }
}