{
    "25925": {
        "start_str": "04:39",
        "end_str": "12:32",
        "duration": 7.88,
        "is_next_day": false,
        "shift_code": 1
    },
    "25963": {
        "start_str": "04:43",
        "end_str": "13:28",
        "duration": 8.75,
        "is_next_day": false,
        "shift_code": 1
    },
    "26214": {
        "start_str": "04:46",
        "end_str": "12:39",
        "duration": 7.88,
        "is_next_day": false,
        "shift_code": 1
    },
    "26795": {
        "start_str": "04:49",
        "end_str": "13:37",
        "duration": 8.8,
        "is_next_day": false,
        "shift_code": 1
    },
    "26909": {
        "start_str": "04:53",
        "end_str": "13:51",
        "duration": 8.97,
        "is_next_day": false,
        "shift_code": 1
    },
    "30055": {
        "start_str": "04:54",
        "end_str": "14:25",
        "duration": 9.52,
        "is_next_day": false,
        "shift_code": 1
    },
    "25181": {
        "start_str": "05:00",
        "end_str": "12:47",
        "duration": 7.78,
        "is_next_day": false,
        "shift_code": 1
    },
    "25186": {
        "start_str": "05:01",
        "end_str": "14:34",
        "duration": 9.55,
        "is_next_day": false,
        "shift_code": 1
    },
    "30908": {
        "start_str": "05:07",
        "end_str": "12:55",
        "duration": 7.8,
        "is_next_day": false,
        "shift_code": 1
    },
    "37099": {
        "start_str": "05:13",
        "end_str": "14:06",
        "duration": 8.88,
        "is_next_day": false,
        "shift_code": 1
    },
    "60228": {
        "start_str": "05:19",
        "end_str": "13:04",
        "duration": 7.75,
        "is_next_day": false,
        "shift_code": 1
    },
    "60480": {
        "start_str": "05:25",
        "end_str": "13:13",
        "duration": 7.8,
        "is_next_day": false,
        "shift_code": 1
    },
    "60542": {
        "start_str": "05:31",
        "end_str": "13:22",
        "duration": 7.85,
        "is_next_day": false,
        "shift_code": 1
    },
    "60586": {
        "start_str": "05:37",
        "end_str": "14:33",
        "duration": 8.93,
        "is_next_day": false,
        "shift_code": 1
    },
    "60859": {
        "start_str": "05:43",
        "end_str": "13:31",
        "duration": 7.8,
        "is_next_day": false,
        "shift_code": 1
    },
    "25166": {
        "start_str": "05:55",
        "end_str": "13:49",
        "duration": 7.9,
        "is_next_day": false,
        "shift_code": 1
    },
    "25215": {
        "start_str": "06:01",
        "end_str": "13:10",
        "duration": 7.15,
        "is_next_day": false,
        "shift_code": 1
    },
    "25232": {
        "start_str": "06:43",
        "end_str": "14:16",
        "duration": 7.55,
        "is_next_day": false,
        "shift_code": 1
    },
    "25244": {
        "start_str": "08:05",
        "end_str": "16:10",
        "duration": 8.08,
        "is_next_day": false,
        "shift_code": 1
    },
    "22719": {
        "start_str": "05:00",
        "end_str": "17:00",
        "duration": 12.0,
        "is_next_day": false,
        "shift_code": 1,
        "note": "РЕЗЕРВ"
    },
    "25249": {
        "start_str": "05:00",
        "end_str": "17:00",
        "duration": 12.0,
        "is_next_day": false,
        "shift_code": 1,
        "note": "РЕЗЕРВ"
    },
    "25923": {
        "start_str": "05:00",
        "end_str": "17:00",
        "duration": 12.0,
        "is_next_day": false,
        "shift_code": 1,
        "note": "РЕЗЕРВ"
    },
    "25952": {
        "start_str": "05:00",
        "end_str": "17:00",
        "duration": 12.0,
        "is_next_day": false,
        "shift_code": 1,
        "note": "РЕЗЕРВ"
    },
    "26107": {
        "start_str": "05:00",
        "end_str": "17:00",
        "duration": 12.0,
        "is_next_day": false,
        "shift_code": 1,
        "note": "РЕЗЕРВ"
    },
    "26221": {
        "start_str": "05:00",
        "end_str": "17:00",
        "duration": 12.0,
        "is_next_day": false,
        "shift_code": 1,
        "note": "РЕЗЕРВ"
    },
    "26564": {
        "start_str": "05:00",
        "end_str": "17:00",
        "duration": 12.0,
        "is_next_day": false,
        "shift_code": 1,
        "note": "РЕЗЕРВ"
    },
    "26569": {
        "start_str": "05:00",
        "end_str": "17:00",
        "duration": 12.0,
        "is_next_day": false,
        "shift_code": 1,
        "note": "РЕЗЕРВ"
    },
    "26607": {
        "start_str": "05:00",
        "end_str": "17:00",
        "duration": 12.0,
        "is_next_day": false,
        "shift_code": 1,
        "note": "РЕЗЕРВ"
    },
    "26654": {
        "start_str": "05:00",
        "end_str": "17:00",
        "duration": 12.0,
        "is_next_day": false,
        "shift_code": 1,
        "note": "РЕЗЕРВ"
    },
    "26980": {
        "start_str": "05:00",
        "end_str": "17:00",
        "duration": 12.0,
        "is_next_day": false,
        "shift_code": 1,
        "note": "РЕЗЕРВ"
    },
    "27407": {
        "start_str": "05:00",
        "end_str": "17:00",
        "duration": 12.0,
        "is_next_day": false,
        "shift_code": 1,
        "note": "РЕЗЕРВ"
    },
    "27736": {
        "start_str": "05:00",
        "end_str": "17:00",
        "duration": 12.0,
        "is_next_day": false,
        "shift_code": 1,
        "note": "РЕЗЕРВ"
    },
    "27833": {
        "start_str": "05:00",
        "end_str": "17:00",
        "duration": 12.0,
        "is_next_day": false,
        "shift_code": 1,
        "note": "РЕЗЕРВ"
    },
    "27940": {
        "start_str": "05:00",
        "end_str": "17:00",
        "duration": 12.0,
        "is_next_day": false,
        "shift_code": 1,
        "note": "РЕЗЕРВ"
    },
    "27985": {
        "start_str": "05:00",
        "end_str": "17:00",
        "duration": 12.0,
        "is_next_day": false,
        "shift_code": 1,
        "note": "РЕЗЕРВ"
    },
    "27990": {
        "start_str": "05:00",
        "end_str": "17:00",
        "duration": 12.0,
        "is_next_day": false,
        "shift_code": 1,
        "note": "РЕЗЕРВ"
    },
    "30059": {
        "start_str": "05:00",
        "end_str": "17:00",
        "duration": 12.0,
        "is_next_day": false,
        "shift_code": 1,
        "note": "РЕЗЕРВ"
    },
    "30312": {
        "start_str": "05:00",
        "end_str": "17:00",
        "duration": 12.0,
        "is_next_day": false,
        "shift_code": 1,
        "note": "РЕЗЕРВ"
    },
    "30381": {
        "start_str": "05:00",
        "end_str": "17:00",
        "duration": 12.0,
        "is_next_day": false,
        "shift_code": 1,
        "note": "РЕЗЕРВ"
    },
    "30472": {
        "start_str": "05:00",
        "end_str": "17:00",
        "duration": 12.0,
        "is_next_day": false,
        "shift_code": 1,
        "note": "РЕЗЕРВ"
    },
    "30527": {
        "start_str": "05:00",
        "end_str": "17:00",
        "duration": 12.0,
        "is_next_day": false,
        "shift_code": 1,
        "note": "РЕЗЕРВ"
    },
    "30592": {
        "start_str": "05:00",
        "end_str": "17:00",
        "duration": 12.0,
        "is_next_day": false,
        "shift_code": 1,
        "note": "РЕЗЕРВ"
    },
    "30608": {
        "start_str": "05:00",
        "end_str": "17:00",
        "duration": 12.0,
        "is_next_day": false,
        "shift_code": 1,
        "note": "РЕЗЕРВ"
    },
    "60016": {
        "start_str": "05:00",
        "end_str": "17:00",
        "duration": 12.0,
        "is_next_day": false,
        "shift_code": 1,
        "note": "РЕЗЕРВ"
    },
    "60095": {
        "start_str": "05:00",
        "end_str": "17:00",
        "duration": 12.0,
        "is_next_day": false,
        "shift_code": 1,
        "note": "РЕЗЕРВ"
    },
    "60137": {
        "start_str": "05:00",
        "end_str": "17:00",
        "duration": 12.0,
        "is_next_day": false,
        "shift_code": 1,
        "note": "РЕЗЕРВ"
    },
    "60311": {
        "start_str": "05:00",
        "end_str": "17:00",
        "duration": 12.0,
        "is_next_day": false,
        "shift_code": 1,
        "note": "РЕЗЕРВ"
    },
    "60455": {
        "start_str": "05:00",
        "end_str": "17:00",
        "duration": 12.0,
        "is_next_day": false,
        "shift_code": 1,
        "note": "РЕЗЕРВ"
    },
    "60461": {
        "start_str": "05:00",
        "end_str": "17:00",
        "duration": 12.0,
        "is_next_day": false,
        "shift_code": 1,
        "note": "РЕЗЕРВ"
    },
    "60477": {
        "start_str": "05:00",
        "end_str": "17:00",
        "duration": 12.0,
        "is_next_day": false,
        "shift_code": 1,
        "note": "РЕЗЕРВ"
    },
    "60497": {
        "start_str": "05:00",
        "end_str": "17:00",
        "duration": 12.0,
        "is_next_day": false,
        "shift_code": 1,
        "note": "РЕЗЕРВ"
    },
    "60503": {
        "start_str": "05:00",
        "end_str": "17:00",
        "duration": 12.0,
        "is_next_day": false,
        "shift_code": 1,
        "note": "РЕЗЕРВ"
    },
    "60546": {
        "start_str": "05:00",
        "end_str": "17:00",
        "duration": 12.0,
        "is_next_day": false,
        "shift_code": 1,
        "note": "РЕЗЕРВ"
    },
    "60827": {
        "start_str": "05:00",
        "end_str": "17:00",
        "duration": 12.0,
        "is_next_day": false,
        "shift_code": 1,
        "note": "РЕЗЕРВ"
    },
    "26761": {
        "start_str": "12:32",
        "end_str": "20:48",
        "duration": 8.27,
        "is_next_day": false,
        "shift_code": 2
    },
    "26856": {
        "start_str": "15:37",
        "end_str": "00:37",
        "duration": 9.0,
        "is_next_day": true,
        "shift_code": 2
    },
    "60570": {
        "start_str": "12:39",
        "end_str": "20:37",
        "duration": 7.97,
        "is_next_day": false,
        "shift_code": 2
    },
    "29578": {
        "start_str": "16:04",
        "end_str": "00:54",
        "duration": 8.83,
        "is_next_day": true,
        "shift_code": 2
    },
    "37013": {
        "start_str": "16:22",
        "end_str": "01:10",
        "duration": 8.8,
        "is_next_day": true,
        "shift_code": 2
    },
    "37023": {
        "start_str": "14:25",
        "end_str": "22:17",
        "duration": 7.87,
        "is_next_day": false,
        "shift_code": 2
    },
    "54592": {
        "start_str": "12:47",
        "end_str": "21:03",
        "duration": 8.27,
        "is_next_day": false,
        "shift_code": 2
    },
    "60002": {
        "start_str": "14:34",
        "end_str": "22:45",
        "duration": 8.18,
        "is_next_day": false,
        "shift_code": 2
    },
    "60208": {
        "start_str": "12:55",
        "end_str": "20:53",
        "duration": 7.97,
        "is_next_day": false,
        "shift_code": 2
    },
    "60236": {
        "start_str": "16:40",
        "end_str": "01:25",
        "duration": 8.75,
        "is_next_day": true,
        "shift_code": 2
    },
    "26611": {
        "start_str": "13:04",
        "end_str": "21:18",
        "duration": 8.23,
        "is_next_day": false,
        "shift_code": 2
    },
    "60320": {
        "start_str": "13:13",
        "end_str": "21:10",
        "duration": 7.95,
        "is_next_day": false,
        "shift_code": 2
    },
    "60377": {
        "start_str": "13:22",
        "end_str": "21:33",
        "duration": 8.18,
        "is_next_day": false,
        "shift_code": 2
    },
    "60386": {
        "start_str": "16:45",
        "end_str": "01:30",
        "duration": 8.75,
        "is_next_day": true,
        "shift_code": 2
    },
    "60456": {
        "start_str": "13:31",
        "end_str": "21:47",
        "duration": 8.27,
        "is_next_day": false,
        "shift_code": 2
    },
    "60396": {
        "start_str": "13:49",
        "end_str": "22:09",
        "duration": 8.33,
        "is_next_day": false,
        "shift_code": 2
    },
    "60489": {
        "start_str": "16:59",
        "end_str": "01:40",
        "duration": 8.68,
        "is_next_day": true,
        "shift_code": 2
    },
    "60521": {
        "start_str": "14:16",
        "end_str": "22:26",
        "duration": 8.17,
        "is_next_day": false,
        "shift_code": 2
    },
    "60709": {
        "start_str": "16:10",
        "end_str": "00:20",
        "duration": 8.17,
        "is_next_day": true,
        "shift_code": 2
    },
    "20549": {
        "start_str": "15:00",
        "end_str": "23:59",
        "duration": 9.0,
        "is_next_day": false,
        "shift_code": 2,
        "note": "РЕЗЕРВ"
    },
    "25180": {
        "start_str": "15:00",
        "end_str": "23:59",
        "duration": 9.0,
        "is_next_day": false,
        "shift_code": 2,
        "note": "РЕЗЕРВ"
    },
    "25207": {
        "start_str": "15:00",
        "end_str": "23:59",
        "duration": 9.0,
        "is_next_day": false,
        "shift_code": 2,
        "note": "РЕЗЕРВ"
    },
    "25224": {
        "start_str": "15:00",
        "end_str": "23:59",
        "duration": 9.0,
        "is_next_day": false,
        "shift_code": 2,
        "note": "РЕЗЕРВ"
    },
    "25234": {
        "start_str": "15:00",
        "end_str": "23:59",
        "duration": 9.0,
        "is_next_day": false,
        "shift_code": 2,
        "note": "РЕЗЕРВ"
    },
    "25252": {
        "start_str": "15:00",
        "end_str": "23:59",
        "duration": 9.0,
        "is_next_day": false,
        "shift_code": 2,
        "note": "РЕЗЕРВ"
    },
    "25727": {
        "start_str": "15:00",
        "end_str": "23:59",
        "duration": 9.0,
        "is_next_day": false,
        "shift_code": 2,
        "note": "РЕЗЕРВ"
    },
    "26108": {
        "start_str": "15:00",
        "end_str": "23:59",
        "duration": 9.0,
        "is_next_day": false,
        "shift_code": 2,
        "note": "РЕЗЕРВ"
    },
    "26145": {
        "start_str": "15:00",
        "end_str": "23:59",
        "duration": 9.0,
        "is_next_day": false,
        "shift_code": 2,
        "note": "РЕЗЕРВ"
    },
    "26615": {
        "start_str": "15:00",
        "end_str": "23:59",
        "duration": 9.0,
        "is_next_day": false,
        "shift_code": 2,
        "note": "РЕЗЕРВ"
    },
    "27008": {
        "start_str": "15:00",
        "end_str": "23:59",
        "duration": 9.0,
        "is_next_day": false,
        "shift_code": 2,
        "note": "РЕЗЕРВ"
    },
    "27182": {
        "start_str": "15:00",
        "end_str": "23:59",
        "duration": 9.0,
        "is_next_day": false,
        "shift_code": 2,
        "note": "РЕЗЕРВ"
    },
    "27581": {
        "start_str": "15:00",
        "end_str": "23:59",
        "duration": 9.0,
        "is_next_day": false,
        "shift_code": 2,
        "note": "РЕЗЕРВ"
    },
    "27881": {
        "start_str": "15:00",
        "end_str": "23:59",
        "duration": 9.0,
        "is_next_day": false,
        "shift_code": 2,
        "note": "РЕЗЕРВ"
    },
    "29748": {
        "start_str": "15:00",
        "end_str": "23:59",
        "duration": 9.0,
        "is_next_day": false,
        "shift_code": 2,
        "note": "РЕЗЕРВ"
    },
    "29869": {
        "start_str": "15:00",
        "end_str": "23:59",
        "duration": 9.0,
        "is_next_day": false,
        "shift_code": 2,
        "note": "РЕЗЕРВ"
    },
    "29902": {
        "start_str": "15:00",
        "end_str": "23:59",
        "duration": 9.0,
        "is_next_day": false,
        "shift_code": 2,
        "note": "РЕЗЕРВ"
    },
    "30015": {
        "start_str": "15:00",
        "end_str": "23:59",
        "duration": 9.0,
        "is_next_day": false,
        "shift_code": 2,
        "note": "РЕЗЕРВ"
    },
    "30588": {
        "start_str": "15:00",
        "end_str": "23:59",
        "duration": 9.0,
        "is_next_day": false,
        "shift_code": 2,
        "note": "РЕЗЕРВ"
    },
    "32475": {
        "start_str": "15:00",
        "end_str": "23:59",
        "duration": 9.0,
        "is_next_day": false,
        "shift_code": 2,
        "note": "РЕЗЕРВ"
    },
    "60000": {
        "start_str": "15:00",
        "end_str": "23:59",
        "duration": 9.0,
        "is_next_day": false,
        "shift_code": 2,
        "note": "РЕЗЕРВ"
    },
    "60097": {
        "start_str": "15:00",
        "end_str": "23:59",
        "duration": 9.0,
        "is_next_day": false,
        "shift_code": 2,
        "note": "РЕЗЕРВ"
    },
    "60366": {
        "start_str": "15:00",
        "end_str": "23:59",
        "duration": 9.0,
        "is_next_day": false,
        "shift_code": 2,
        "note": "РЕЗЕРВ"
    },
    "60398": {
        "start_str": "15:00",
        "end_str": "23:59",
        "duration": 9.0,
        "is_next_day": false,
        "shift_code": 2,
        "note": "РЕЗЕРВ"
    },
    "60424": {
        "start_str": "15:00",
        "end_str": "23:59",
        "duration": 9.0,
        "is_next_day": false,
        "shift_code": 2,
        "note": "РЕЗЕРВ"
    },
    "60425": {
        "start_str": "15:00",
        "end_str": "23:59",
        "duration": 9.0,
        "is_next_day": false,
        "shift_code": 2,
        "note": "РЕЗЕРВ"
    },
    "60426": {
        "start_str": "15:00",
        "end_str": "23:59",
        "duration": 9.0,
        "is_next_day": false,
        "shift_code": 2,
        "note": "РЕЗЕРВ"
    },
    "60463": {
        "start_str": "15:00",
        "end_str": "23:59",
        "duration": 9.0,
        "is_next_day": false,
        "shift_code": 2,
        "note": "РЕЗЕРВ"
    },
    "60479": {
        "start_str": "15:00",
        "end_str": "23:59",
        "duration": 9.0,
        "is_next_day": false,
        "shift_code": 2,
        "note": "РЕЗЕРВ"
    },
    "60502": {
        "start_str": "15:00",
        "end_str": "23:59",
        "duration": 9.0,
        "is_next_day": false,
        "shift_code": 2,
        "note": "РЕЗЕРВ"
    },
    "60505": {
        "start_str": "15:00",
        "end_str": "23:59",
        "duration": 9.0,
        "is_next_day": false,
        "shift_code": 2,
        "note": "РЕЗЕРВ"
    },
    "60737": {
        "start_str": "15:00",
        "end_str": "23:59",
        "duration": 9.0,
        "is_next_day": false,
        "shift_code": 2,
        "note": "РЕЗЕРВ"
    },
    "60829": {
        "start_str": "15:00",
        "end_str": "23:59",
        "duration": 9.0,
        "is_next_day": false,
        "shift_code": 2,
        "note": "РЕЗЕРВ"
    },
    "60838": {
        "start_str": "15:00",
        "end_str": "23:59",
        "duration": 9.0,
        "is_next_day": false,
        "shift_code": 2,
        "note": "РЕЗЕРВ"
    },
    "60867": {
        "start_str": "15:00",
        "end_str": "23:59",
        "duration": 9.0,
        "is_next_day": false,
        "shift_code": 2,
        "note": "РЕЗЕРВ"
    },
    "60868": {
        "start_str": "15:00",
        "end_str": "23:59",
        "duration": 9.0,
        "is_next_day": false,
        "shift_code": 2,
        "note": "РЕЗЕРВ"
    },
    "62707": {
        "start_str": "15:00",
        "end_str": "23:59",
        "duration": 9.0,
        "is_next_day": false,
        "shift_code": 2,
        "note": "РЕЗЕРВ"
    }
}